Слово;Частота;Частота (в %)
и;5;5.88235
весна;4;4.70588
Весна;4;4.70588
такая;3;3.52941
время;3;3.52941
Весенние;3;3.52941
как;2;2.35294
же;2;2.35294
Как;2;2.35294
Весеннее;2;2.35294
яркое;1;1.17647
яркая;1;1.17647
я;1;1.17647
это;1;1.17647
щеки;1;1.17647
цветов;1;1.17647
цветения;1;1.17647
хорошо;1;1.17647
ты;1;1.17647
теплые;1;1.17647
тепло;1;1.17647
так;1;1.17647
становится;1;1.17647
солнце;1;1.17647
собой;1;1.17647
синее;1;1.17647
свои;1;1.17647
свет;1;1.17647
с;1;1.17647
радости;1;1.17647
пьянящим;1;1.17647
птицы;1;1.17647
пробуждения;1;1.17647
приносит;1;1.17647
прекрасная;1;1.17647
поют;1;1.17647
песни;1;1.17647
пение;1;1.17647
очищают;1;1.17647
освежают;1;1.17647
объятия;1;1.17647
нежные;1;1.17647
небо;1;1.17647
наполнен;1;1.17647
на;1;1.17647
матери;1;1.17647
люблю;1;1.17647
любимой;1;1.17647
их;1;1.17647
заполняет;1;1.17647
жизнерадостная;1;1.17647
душе;1;1.17647
дожди;1;1.17647
греет;1;1.17647
глаза;1;1.17647
все;1;1.17647
вокруг;1;1.17647
воздух;1;1.17647
ветры;1;1.17647
весну;1;1.17647
ароматы;1;1.17647
ароматом;1;1.17647
Она;1;1.17647
Весенний;1;1.17647
-;1;1.17647
