API,days
5005072170100,1.0
5123377130000,0.0
5123379280000,10.0
5123379400000,1.0
5123385820100,0.0
5123390320000,0.0
5123390440000,0.0
5123392690000,1.0
5123399750000,0.0
5123402600000,0.0
5123409020000,0.0
5123410480000,0.0
30015414470000,1.0
30025425390000,2.0
33023010960000,1.0
33025026780000,1.0
33053048870100,0.0
33053051530000,0.0
33053056390200,0.0
33053056550000,0.0
33053059400000,1.0
33053061530000,0.0
33053061600000,1.0
33053061970000,0.0
33053062710000,1.0
33053067490000,0.0
33061032390000,0.0
33061033560000,0.0
33105031270000,0.0
33105032030000,0.0
33105034810000,1.0
33105035380000,0.0
33105035810000,2.0
33105036550100,0.0
33105037690100,2.0
35017246780000,-1.0
35017246960000,0.0
35073250300000,0.0
42105419830000,0.0
42105420060100,0.0
42105421020000,0.0
42105421500000,0.0
42301318440000,10.0
42317401950000,0.0
42371392130100,1.0
42383381710000,1.0
42389339940000,1.0
42389345710000,1.0
42461395750000,0.0
49021210550000,2.0
